Apple 아이폰 13 256GB [자급제],"1,149,690원",https://cr.shopping.naver.com/adcr.nhn?x=zPKufMydC3LEMaKJysX7zf%2F%2F%2Fw%3D%3DsTgVrBQN2dynsIYmjSJxADA1jA3w6Gfi0ALjFClBNF71N4NgkrPIjlczCBjhk2dSMCBfQz%2BazxuO9Xc%2FGCmfRoyV0a5Qe6VzRxqfJIYQqqvrrxtUX176OUeAZX%2Fs1qXPCP1%2BfQDTuj4UW9I50VChfCMv%2BjB2erv%2BZ%2Brrs5VHOiTQgGE7%2BZatKjf5hEf1XctkKBJI0dviJF7aVxSP3I1r8G5bkCnZt3PKDnGtnPfTpWXV9gLRMuJH34gK%2BdKxxm2wLrdrlX39xjEaCY2YRgdfOdVYRd5fBJq5s%2B7SpRrFB889r6kdrp7BvT8OlwZ7P37YyZp%2FuhVWf5tMOyu5R2EADu1TtJxiUfbI1M7%2BUOHLfjJQ6JIeyjRJJG8AQSjlBThBKRuaDR2LrEXFDwvTptY5wkd42zEVOHkRt1m9hvixzMvciNvEAyH7XT6ObGe95mRdUsw%2FEBFoDxdMAZ4HSpGP%2F1sbbTrOhMmQpEkp4UEtzKmSE4FQdvRmo7oxOSvwywmch%2BPn%2F0%2FsFFiwjT7S5BsR0E793DeToEGaYBD1epc8Uq1IRpOFzCbaM6OU97uoPifjrpho5tDNdjMCd%2ByYKQt94qoJuqTPOF2RchDhPUFZYt37Njqh%2FZemCCOboDhnweAmG&nvMid=29029192591&catId=50001519
Apple 아이폰 13 프로 256GB [자급제],"1,329,890원",https://cr.shopping.naver.com/adcr.nhn?x=bspRk4WYNFdqKetKBFXkKf%2F%2F%2Fw%3D%3DsPPpu8xv%2FF9%2BnEg0HRpcGDHIN0Ejz7F3D6m4OnECupTHrlQPyQuHoHFsppYbPEdHatdfcjWMltHaGUP0ZxunFtmNxAcG9pd5c0Fbbw6Ecl%2BU%2F3oFCUXSmj5CBTGRD5FrCikljrY0JmP2tbxvJfno18YZnlrSZr8PDPdBCvs8uWtdeJxHcKH4rYUhc5SxvGs%2FQvJgHOaoIo6xlSmB%2FOKSFjyJO7jbxAC%2FhHJnJbE9pD225SET%2FmTh%2Bwr3iKnDGr9FRirlNhhkXHLHC8NP3BBDRhdUOlhY1NIwonJXuJoE2B72AbCY81f975eS5nfR25FBiP83WAv8GAIoQ0MwLPWeb%2FXpO8xGR81HJBDDtpqL851QhIW%2Fufm4Ai1g%2Bbn5o8FWgvX82Y5Ils9cLeBDu1LyZB8GX80wggxKey1RrDrPPeXigIX25kXOk%2FUPdTKqFSCOqDgcKWP7TrEwfWP0fV1BFe6kejIh2uruhzM%2FsWRISN2XPxSH%2BMhjwnhZYEHfltYfSuwP9L0j7YvHB2OKNn2rLcLoIgndaGfxSouzoVPoKzhHFproZp0%2BUzXHgBk4508Z%2B%2BgtF15PMkmjkNDmi88yMRTXMMfd%2FAHehDWOpf7XSyxNjtEEnHZo%2B%2FVuCJHvsmHjrDVCYCaeglF2rgr1u2OQIzQ%3D%3D&nvMid=29030492586&catId=50001519
Apple 아이폰 13 미니 128GB [자급제],"870,000원",https://cr.shopping.naver.com/adcr.nhn?x=UK8pQleKL0dzhsbOeUyOK%2F%2F%2F%2Fw%3D%3DsNGYjmZ6R%2BLt3azlaxVuOyNeRER6N3X5wiRptIyGSyb2GgjNtjvRyY8TaEm3AQ5UwO2FC1Tnt0xiC4pY1ZNGPFvm1tmIZrvrIl59ZyqyInPCeKKGbAYijP5JhopsyRKSI4ul60LTGRMTnsReHvjnuWd9%2BKy%2Fm0d%2BgYWHtEf61Jo5CNclKwvLyA%2Fys%2F%2FHPPajL6vmS6IPw0N8PQDlZk4TeMmNmcbgLr0lu2cCLGgyX7c9vsepmwRk8o%2FCB4DgHhnjVub7XHIApq2A6dVr05w2RdVg7gCbqmWxpcdI7rnSPXIU%2Fa18qhDQ1A%2FKJp3fgBDor391W%2FC1w5SVs2sYtTdFSegGHIG1RUx%2FyXzkUmOEsWVdqLzcRVswO%2FNXTrA15l4GNbF4OZVL2Q%2FcwuxYvViSThzGbkeYhnXlLdW%2BW%2BH9FFgycPfwzF9ktWcxdrcTtO8KUh7eRXhvx%2B18MP%2FzLgC0qJUfTmu80PPs%2FMBPhnIzy5qt1I8EDCh5n2RBrPUf%2BYM4BX8a%2FHvPOPEuDd1Ce%2FzZYNRXM5J3igv1Khco9LIVqG6ZJWUy9fvMzT%2B%2BEep6CmbqkRcr15Kty4fmGxB2pSaMJddn72068EAvsm%2B2GG0yRucdXc50eBITwugSNPH3Ok09sVpGw61BSdoQRvEGgfFlc5w%3D%3D&nvMid=29030650586&catId=50001519
Apple 아이폰 13 프로 128GB [자급제],"1,255,000원",https://cr.shopping.naver.com/adcr.nhn?x=kWevgZSdw2VD%2Fl0RplygJ%2F%2F%2F%2Fw%3D%3DsKdy6jwDwCE9PpMETubSfonnWpOJyVLr7IPu%2FMHQ%2FUySGgjNtjvRyY8TaEm3AQ5Uw8drrtjqj04%2FCR3FdtNS1wvm1tmIZrvrIl59ZyqyInPCeKKGbAYijP5JhopsyRKSI4ul60LTGRMTnsReHvjnuWd9%2BKy%2Fm0d%2BgYWHtEf61Jo5CNclKwvLyA%2Fys%2F%2FHPPajLTxs46ihXoVB%2B04WPMRzZJmNmcbgLr0lu2cCLGgyX7c9vsepmwRk8o%2FCB4DgHhnjVub7XHIApq2A6dVr05w2RdVg7gCbqmWxpcdI7rnSPXIU%2Fa18qhDQ1A%2FKJp3fgBDor391W%2FC1w5SVs2sYtTdFSelOgGWzmen5yngMAuyJMzI1qLzcRVswO%2FNXTrA15l4GNbF4OZVL2Q%2FcwuxYvViSThyV5D4SUbxgjy9f63GO3SxOcPfwzF9ktWcxdrcTtO8KUh7eRXhvx%2B18MP%2FzLgC0qJRZQL3TdB6ucCZA%2FS9JD78J1I8EDCh5n2RBrPUf%2BYM4BX8a%2FHvPOPEuDd1Ce%2FzZYNS2PY0%2BfUfkhzOJUzID0cYx5EYvUUysAnKWhklMsJsNtn3Af24KJVx3t5woVjGQGlyTP653EG0u7NsgPuvXegXVWhZ3SMHTcLlpircdRzUgq1JIslBmdxaTx7xO1%2BPPoWw%3D%3D&nvMid=29030420587&catId=50001519
Apple 아이폰 13 128GB [자급제],"1,010,000원",https://cr.shopping.naver.com/adcr.nhn?x=lTNe79gMlz3gHB6z1gpWh%2F%2F%2F%2Fw%3D%3DsjMiD18m%2FD8q%2BMQjJGDN83ZDz1snn0JBRso%2FhkSrC2feGgjNtjvRyY8TaEm3AQ5Uwvse%2FO%2B%2B64IT7gtX3zCp9kfm1tmIZrvrIl59ZyqyInPCeKKGbAYijP5JhopsyRKSI4ul60LTGRMTnsReHvjnuWd9%2BKy%2Fm0d%2BgYWHtEf61Jo5CNclKwvLyA%2Fys%2F%2FHPPajL5rmSYJSQ7Q%2FSdegndTkuDGNmcbgLr0lu2cCLGgyX7c9vsepmwRk8o%2FCB4DgHhnjVub7XHIApq2A6dVr05w2RdVg7gCbqmWxpcdI7rnSPXIU%2Fa18qhDQ1A%2FKJp3fgBDor391W%2FC1w5SVs2sYtTdFSehaqDUQSZoEsSr5dihic8NxqLzcRVswO%2FNXTrA15l4GNbF4OZVL2Q%2FcwuxYvViSTh90ZSBhE17JBT25ZWZRY%2FKGcPfwzF9ktWcxdrcTtO8KUh7eRXhvx%2B18MP%2FzLgC0qJdAg7C6WNSwBfl6I6g1ROlIlDv77rgQoH8LCOsgmhGGjhejKyKKQJPosYkFFU2iKXlduP7FWhKm8q%2FrfR1Tmur0NauEcRynSn%2F8orOK7nc90U7UZ5mJK7fANQFN1Cv2gCe4GEjYjtLexEm8ZLZ16IXcOEsHC78VBLnFZh%2FnDobeN&nvMid=29030374587&catId=50001519
Apple 아이폰 13 프로 맥스 256GB [자급제],"1,501,800원",https://cr.shopping.naver.com/adcr.nhn?x=FVHgsNSEvFizhVavmUnGwv%2F%2F%2Fw%3D%3DszICF5%2BPzzSVd57BomS7YqFQ061PqVkPit1GP3HoWssKGgjNtjvRyY8TaEm3AQ5UwpQO9vFIpG16%2FtvyuSkEervm1tmIZrvrIl59ZyqyInPCeKKGbAYijP5JhopsyRKSI4ul60LTGRMTnsReHvjnuWd9%2BKy%2Fm0d%2BgYWHtEf61Jo5CNclKwvLyA%2Fys%2F%2FHPPajLFwJLY7jZl%2ByD9qyNvqbno2NmcbgLr0lu2cCLGgyX7c9vsepmwRk8o%2FCB4DgHhnjVub7XHIApq2A6dVr05w2RdVg7gCbqmWxpcdI7rnSPXIU%2Fa18qhDQ1A%2FKJp3fgBDor391W%2FC1w5SVs2sYtTdFSeoPUD341Fyau66ACRjqpUl1qLzcRVswO%2FNXTrA15l4GNbF4OZVL2Q%2FcwuxYvViSTh9qRdXt9Z1hRtoZeLktW3AOcPfwzF9ktWcxdrcTtO8KUh7eRXhvx%2B18MP%2FzLgC0qJVOBpL3kKBeNwNuOk45o3IXuY50xg6ShjmxU8oRUZBg0y%2F5xiDZEmKfndsQAGO1A525LxeFpQ1oUKGyXcFhzU78X2j2Fjtt5t%2FqtZhPHCkB4YnHIcETcJifOE8sb44IMxTw%2BvJXur0oTDiKwOyWqCJruiFYT77L3VNVV0TcfhWemgqgOvq6z5EpEI5N2xav1Mg%3D%3D&nvMid=29030294588&catId=50001519
Apple 아이폰 13 미니 256GB [자급제],"1,010,000원",https://cr.shopping.naver.com/adcr.nhn?x=yn0nPTIUzfCBhKHXWffYhP%2F%2F%2Fw%3D%3DsMG0i8XMOeKZVY%2BekOTiZM2w%2FCaQfhGU2Cf24fqjXeWfrlQPyQuHoHFsppYbPEdHaJnizJffV4nsBXICBomZy%2Ftuq%2FqlDAHYMoIOTZi2uWSg%2F3oFCUXSmj5CBTGRD5FrCikljrY0JmP2tbxvJfno18YZnlrSZr8PDPdBCvs8uWtdeJxHcKH4rYUhc5SxvGs%2FQHFu7hQKMJ1DiSIn6Qv1RZSJO7jbxAC%2FhHJnJbE9pD225SET%2FmTh%2Bwr3iKnDGr9FRirlNhhkXHLHC8NP3BBDRhdUOlhY1NIwonJXuJoE2B72AbCY81f975eS5nfR25FBiP83WAv8GAIoQ0MwLPWeb%2FVwKabTDcUmtAu%2BX14X3kmAhIW%2Fufm4Ai1g%2Bbn5o8FWgvX82Y5Ils9cLeBDu1LyZB41vDPeUC6vlzxc6Eqi5lWSgIX25kXOk%2FUPdTKqFSCOqDgcKWP7TrEwfWP0fV1BFe1sCXnT5UXlCQtowxOY7437PxSH%2BMhjwnhZYEHfltYfSuwP9L0j7YvHB2OKNn2rLcBHbteU1Q6ANQyq40fPs0I4lqvLv%2FrAtB%2Fg7BbXwAObI%2BgtF15PMkmjkNDmi88yMRUAeRGfCGdQwcX7cz2oju%2BhjtEEnHZo%2B%2FVuCJHvsmHjrDVCYCaeglF2rgr1u2OQIzQ%3D%3D&nvMid=29030437590&catId=50001519
Apple 아이폰 13 프로 맥스 128GB [자급제],"1,396,500원",https://cr.shopping.naver.com/adcr.nhn?x=s2lJo9Sxtkl9j2MWn%2F%2FJXP%2F%2F%2Fw%3D%3Ds6fLMejMlqvZSELJkq3TRhJvPbNDKQy49GVsjLByuHDpN4NgkrPIjlczCBjhk2dSMilcZyeE4ikO2L3CPvFAwsSV0a5Qe6VzRxqfJIYQqqvrrxtUX176OUeAZX%2Fs1qXPCP1%2BfQDTuj4UW9I50VChfCMv%2BjB2erv%2BZ%2Brrs5VHOiTQgGE7%2BZatKjf5hEf1XctkKCjNzjsdpE73XW2e7c9P%2FXJbkCnZt3PKDnGtnPfTpWXV9gLRMuJH34gK%2BdKxxm2wLrdrlX39xjEaCY2YRgdfOdVYRd5fBJq5s%2B7SpRrFB889r6kdrp7BvT8OlwZ7P37YyZp%2FuhVWf5tMOyu5R2EADu0JNkAuut%2BIeMWlDeHhOsxI6JIeyjRJJG8AQSjlBThBKRuaDR2LrEXFDwvTptY5wkSjiK%2BhigMzM6vFxlpUNisAiNvEAyH7XT6ObGe95mRdUsw%2FEBFoDxdMAZ4HSpGP%2F1mbbRE4sNae2UQATiGzSdWpxsF7LFolFgeQFlnrP8JWR8jR8gVF8FlQ9pItE8Zzc8o5OpPILnUhe%2F2tk6F8O8wqHoOZCq1zaN4xd6H376K2Wjr%2Fvhuz%2FM2bOeEg7k3nONaFBpUzFd%2B2PAchW95UQSeL0UbNk5di1V8jUMbmtHii%2FBq7h9PA5SrIXrcWPClBGWw%3D%3D&nvMid=29030367587&catId=50001519
Apple 아이폰 13 프로 512GB [자급제],"1,636,800원",https://cr.shopping.naver.com/adcr.nhn?x=Gyk51bjoQUekvZywVw07MP%2F%2F%2Fw%3D%3DsTE6x4U%2FeUWlmIobkDsbbSkW3S7R2g%2BEFzqGISl1pKkSGgjNtjvRyY8TaEm3AQ5UwU%2BaflXFO0DbK2nwwkhM6gPm1tmIZrvrIl59ZyqyInPCeKKGbAYijP5JhopsyRKSI4ul60LTGRMTnsReHvjnuWd9%2BKy%2Fm0d%2BgYWHtEf61Jo5CNclKwvLyA%2Fys%2F%2FHPPajLiYCoXVZpYWHK%2BSJmDHKCzmNmcbgLr0lu2cCLGgyX7c9vsepmwRk8o%2FCB4DgHhnjVub7XHIApq2A6dVr05w2RdVg7gCbqmWxpcdI7rnSPXIU%2Fa18qhDQ1A%2FKJp3fgBDor391W%2FC1w5SVs2sYtTdFSenVxpv7lGttM3jZ4KJftTPRqLzcRVswO%2FNXTrA15l4GNbF4OZVL2Q%2FcwuxYvViSTh%2BUV4Lx8PdPqo0f%2FEWwZ9x6cPfwzF9ktWcxdrcTtO8KUh7eRXhvx%2B18MP%2FzLgC0qJeB1cSmYxtfRhC%2F4HS0b6yJ1I8EDCh5n2RBrPUf%2BYM4BX8a%2FHvPOPEuDd1Ce%2FzZYNU3VOzC40adZMbXUFpeo%2BvF5tNQxahl1b%2Fx6G4e0lAXM%2FVufBYHffttjdnJnUItl9787e%2BY29h4y5Tcrr7Q2Q%2B1WhZ3SMHTcLlpircdRzUgq1JIslBmdxaTx7xO1%2BPPoWw%3D%3D&nvMid=29030416587&catId=50001519
Apple 아이폰 13 프로 맥스 512GB [자급제],"1,767,000원",https://cr.shopping.naver.com/adcr.nhn?x=J8HiargC%2BtdXJKWUsnF1ev%2F%2F%2Fw%3D%3DsIGpkYYoy3OGEWEpjRc%2FXwm3pfkS4x9wDIPjFjrZLfu7rlQPyQuHoHFsppYbPEdHazSu7ZxihW2HPv1yKb56baWNxAcG9pd5c0Fbbw6Ecl%2BU%2F3oFCUXSmj5CBTGRD5FrCikljrY0JmP2tbxvJfno18YZnlrSZr8PDPdBCvs8uWtdeJxHcKH4rYUhc5SxvGs%2FQ1l6YoWQhCMdLuiONCMVhkSJO7jbxAC%2FhHJnJbE9pD225SET%2FmTh%2Bwr3iKnDGr9FRirlNhhkXHLHC8NP3BBDRhdUOlhY1NIwonJXuJoE2B72AbCY81f975eS5nfR25FBiP83WAv8GAIoQ0MwLPWeb%2Ffej2oC7cjCq1d94EoM5G9chIW%2Fufm4Ai1g%2Bbn5o8FWgvX82Y5Ils9cLeBDu1LyZB7Ix0YmQDjwu%2B6ceCS7nAOGgIX25kXOk%2FUPdTKqFSCOqDgcKWP7TrEwfWP0fV1BFewstxKXYfuaTY89uFKbdXCDH4SrsWpoFz%2BRKRpabrMWFmWXdAuntmcqbOFOk%2BQxKwTsYpWArfrP4OWQG6aF6IthyE%2BOOuOKgQnEwvXQZ3seWramjBwCZI9AwCV4mCTWQmfkKb0OtpqZ6MEjym4CskyH9T3OGcWc%2Be96Q7DoPv57XaGimR4pR27mrh1IoDTOSgA%3D%3D&nvMid=29029192586&catId=50001519
Apple 아이폰 13 미니 512GB [자급제],"1,267,600원",https://cr.shopping.naver.com/adcr.nhn?x=Krmwpj0J2IPUwpDrpUqzkv%2F%2F%2Fw%3D%3DsfjggVaSvgZLXSp4q4QN1zqMQMxK7lfhq4UybHUry2FDrlQPyQuHoHFsppYbPEdHaqEZ8VsOZ86AWOJgKH3XmzWNWnYTwPnNoNbO7wcwzKFk%2F3oFCUXSmj5CBTGRD5FrCikljrY0JmP2tbxvJfno18YZnlrSZr8PDPdBCvs8uWtdeJxHcKH4rYUhc5SxvGs%2FQ5eJoxHy7F9pVayzIa84fuyJO7jbxAC%2FhHJnJbE9pD225SET%2FmTh%2Bwr3iKnDGr9FRirlNhhkXHLHC8NP3BBDRhdUOlhY1NIwonJXuJoE2B72AbCY81f975eS5nfR25FBiP83WAv8GAIoQ0MwLPWeb%2FSneW%2BeGbBFnehE1K1b4LNchIW%2Fufm4Ai1g%2Bbn5o8FWgvX82Y5Ils9cLeBDu1LyZB%2BdZEliKyRlisXpuORTPjK6gIX25kXOk%2FUPdTKqFSCOqDgcKWP7TrEwfWP0fV1BFey%2Bgusqz4LfhruBMVu%2BMWafPxSH%2BMhjwnhZYEHfltYfSuwP9L0j7YvHB2OKNn2rLcMBKPWpOofGNishBhVXamBvFLXRXpvNAkJ%2FZZxYkZm3T%2BgtF15PMkmjkNDmi88yMRXlEf686ZT96fHBIC%2FNhyH5jtEEnHZo%2B%2FVuCJHvsmHjrDVCYCaeglF2rgr1u2OQIzQ%3D%3D&nvMid=29030296587&catId=50001519
Apple 아이폰 13 프로 맥스 1TB [자급제],"1,966,200원",https://cr.shopping.naver.com/adcr.nhn?x=yotwC0Ar5RdmiyGdz%2FrcWv%2F%2F%2Fw%3D%3DsceiWoDZK%2Bs%2BTgceUbr06MgkuqmZwLEA1NJZBiFaAS5iGgjNtjvRyY8TaEm3AQ5UwOuu0UQcdYlyNkk6zkflVqvm1tmIZrvrIl59ZyqyInPCeKKGbAYijP5JhopsyRKSI4ul60LTGRMTnsReHvjnuWd9%2BKy%2Fm0d%2BgYWHtEf61Jo5CNclKwvLyA%2Fys%2F%2FHPPajLC%2BPy9MaCZsnTGtLGSpgz82NmcbgLr0lu2cCLGgyX7c9vsepmwRk8o%2FCB4DgHhnjVub7XHIApq2A6dVr05w2RdVg7gCbqmWxpcdI7rnSPXIU%2Fa18qhDQ1A%2FKJp3fgBDor391W%2FC1w5SVs2sYtTdFSeoIjurflrQCNpOu0wxSU2hdqLzcRVswO%2FNXTrA15l4GNbF4OZVL2Q%2FcwuxYvViSTh3mn79WLmzchFcSw%2FMHe0GGcPfwzF9ktWcxdrcTtO8KUh7eRXhvx%2B18MP%2FzLgC0qJVOBpL3kKBeNwNuOk45o3IWB7sRajgsOdjuZGOI1mNDro64ifB9DVeZ8ffla9GlFdvOw2kXrwLnRLwg0WtAWR1jMpYnWhHXzTM69GGhlSWfLEs8cFUTVf2EXpmSuc9bAhP%2F8ZnV%2Fk%2BbywzS%2FF7nJVOFmBIp8QGhHXbOCIWwwJQCFHRyPBWbUFRhWScTsgQynPg%3D%3D&nvMid=29029192590&catId=50001519
Apple 아이폰 13 프로 128GB [LG U+],"632,000원",https://cr.shopping.naver.com/adcr.nhn?x=22P4MDU9wr%2BsPn48Iq5lr%2F%2F%2F%2Fw%3D%3DsNXtV9HzgYr%2FYVfIcp9reJ7H6wNvK8xjiE%2BQHjO%2Bidj%2BGgjNtjvRyY8TaEm3AQ5UwV1ENwXjK%2BxADqgaOqQFKyPm1tmIZrvrIl59ZyqyInPCeKKGbAYijP5JhopsyRKSI4ul60LTGRMTnsReHvjnuWd9%2BKy%2Fm0d%2BgYWHtEf61Jo5CNclKwvLyA%2Fys%2F%2FHPPajL%2FHNuqNLq1In6IsDDJHfZwGNmcbgLr0lu2cCLGgyX7c9vsepmwRk8o%2FCB4DgHhnjVub7XHIApq2A6dVr05w2RdVg7gCbqmWxpcdI7rnSPXIU%2Fa18qhDQ1A%2FKJp3fgBDor391W%2FC1w5SVs2sYtTdFSeg2fzBhHTuFYnhsca9Qjl3JqLzcRVswO%2FNXTrA15l4GNYd6P7bKnf6IN9iERvhRLCxdWgXBLtZ4vptqts7yqaGucPfwzF9ktWcxdrcTtO8KUh7eRXhvx%2B18MP%2FzLgC0qJRZQL3TdB6ucCZA%2FS9JD78IHyKwMIinsXLRIwPAEQA4X2UjohpK7sZyY83SOIj%2FwoE5qX7RClVOtCIuktPqtNCBPwCXFJiRdosf3os3K%2FWn1sCcj6jZbyWxwIWoLxvzX9WacBhqCsFPgG%2FvZex2CmITNjqh%2FZemCCOboDhnweAmG&nvMid=29030175590&catId=50000248
Apple 아이폰 13 미니 256GB [LG U+],"140,200원",https://cr.shopping.naver.com/adcr.nhn?x=jbztmdNm2%2BcPRnNZf%2BubgP%2F%2F%2Fw%3D%3DsI0LEIPj%2Fodr1qQ3TVA8veF%2FnBgSL6mKL6DzN2QH54kzrlQPyQuHoHFsppYbPEdHaiaEbFgHOpGqYurTj%2BD0zimNxAcG9pd5c0Fbbw6Ecl%2BU%2F3oFCUXSmj5CBTGRD5FrCikljrY0JmP2tbxvJfno18YZnlrSZr8PDPdBCvs8uWtdeJxHcKH4rYUhc5SxvGs%2FQnwz90lFjKTTi05jxFVvTqSJO7jbxAC%2FhHJnJbE9pD225SET%2FmTh%2Bwr3iKnDGr9FRirlNhhkXHLHC8NP3BBDRhdUOlhY1NIwonJXuJoE2B72AbCY81f975eS5nfR25FBiP83WAv8GAIoQ0MwLPWeb%2FdJWs%2FD8Avmp4ahaMWScWKQhIW%2Fufm4Ai1g%2Bbn5o8FWg5HUJqI12Vlp80UoFc6QYeDaJ%2F5%2FslrugWDu2Hcct2uqgIX25kXOk%2FUPdTKqFSCOqDgcKWP7TrEwfWP0fV1BFe1sCXnT5UXlCQtowxOY7434EiaNfJtI8%2BWxAc1EGc8qsV5wvSck0MfgYLl2aZJDmmnIfdLNMJr78h1SvsdVtq6A5chMN%2BIA7kxll6nAF1aD1qaNGIg5VfeLo6uSAHBxLJKm51PSZU8%2FkeoxMP5LfqH%2Fke%2FVP%2BgM94BPZkP5YJ%2Bex&nvMid=29030376589&catId=50000248
Apple 아이폰 13 프로 1TB [자급제],"1,900,000원",https://cr.shopping.naver.com/adcr.nhn?x=oAA9%2BciOe%2FlAU1R%2BtMUj5P%2F%2F%2Fw%3D%3Dslyo21C5P%2FU%2Bqol5kzAJRIEDnkCIbC7sqYsCqic9nJYzrlQPyQuHoHFsppYbPEdHa6MrtL3E0wnnAP7K%2BnLjWQa1hmMqj8ChuMV4EU5UcBIo%2F3oFCUXSmj5CBTGRD5FrCikljrY0JmP2tbxvJfno18YZnlrSZr8PDPdBCvs8uWtdeJxHcKH4rYUhc5SxvGs%2FQGZnc9CBLSwMg3sa%2BhbPIjiJO7jbxAC%2FhHJnJbE9pD225SET%2FmTh%2Bwr3iKnDGr9FRirlNhhkXHLHC8NP3BBDRhdUOlhY1NIwonJXuJoE2B72AbCY81f975eS5nfR25FBiP83WAv8GAIoQ0MwLPWeb%2FcCO1AJbgHKFMo6X6qtut0chIW%2Fufm4Ai1g%2Bbn5o8FWgvX82Y5Ils9cLeBDu1LyZByjZ%2F6Ij87DZw9nv%2FQ98kdCgIX25kXOk%2FUPdTKqFSCOqDgcKWP7TrEwfWP0fV1BFe4VbMzIyMAqoFnqnCl3vWSgPVL%2B%2Frl5PLPXtI0kaP8PkmKdeEMdUbtmzDI4Aa7HQcXwo4J%2BT6pYrLp6hEYPw6iuKNj6xJ5vH7QAOq%2FGBR6UWezdPirNIEhU3YcDKwV2g5NVF%2Fmu23tLjqTmoU%2FX303ADfkLIyuldBS3f8m8e6nLmzUhNzs2VE%2B%2Bisqs3JAEppg%3D%3D&nvMid=29029192588&catId=50001519
Apple 아이폰 13 512GB [자급제],"1,328,900원",https://cr.shopping.naver.com/adcr.nhn?x=0aZ2IZ%2FlV8qDe%2Bsfm7fTu%2F%2F%2F%2Fw%3D%3DsmQxdNTjnDngCcurzihU6xZIRctDp6Mhrq3MQtQGQOrYCYpaXrkpTZ0FTnmqeb1eBtY7BTaY9DeFJOoy3x804rAc82Wm221OgyVjOWYcPFlW049pb6XmyJCAi3TBPnUomu%2FXqMxDuk8Ctfe61ilAqdFVd6Z%2BmZ5fvTALbBBPmfKL392rcVj5mouEkJq8zyckjp2ULzmP6XBevwloFXFA3ZzMYBx1AVSExF%2FJDG79qxZpVYijLtDSoYKeS%2BFkZCDEVNOvo3zv5JF6HpWQBk2%2FhLWVzo%2FVhqOcmz89DgxY%2F4DvBz7%2BORHa%2BX777%2F5U82WuFfTcPzad1My%2F67qGl7e1cqw3MPexN%2FNo7aLZAwuDc4HVKjRp2D9pkBhcJdqPQCXkTMM1plBQtkhaEWAH4rmffCJc2fRp53vU8KOS3e4g6wtALSv5SYzis5SVdiBAX6a8RV6t8HXqZa3NSP32GK7Hl5M%2FFIf4yGPCeFlgQd%2BW1h9K7A%2F0vSPti8cHY4o2fastwFFwWGfv9KvZGwQZiH8RfKnFK%2FrCAlnGn9XWyc8JJ%2FJj6C0XXk8ySaOQ0OaLzzIxFE782sPUFYC0U4U2LyMyKAfRRs2Tl2LVXyNQxua0eKL8GruH08DlKshetxY8KUEZb&nvMid=29030496586&catId=50001519
Apple 아이폰 13 미니 128GB [LG U+],1원,https://cr.shopping.naver.com/adcr.nhn?x=iBAm2b7OjVDK96QrujISkP%2F%2F%2Fw%3D%3Ds4z87SSDo7KmlDTj3Wkopop9Wo0tz2ROQu2ntOunKwYzrlQPyQuHoHFsppYbPEdHabdNAXMFJnSkfUhej3RwqnwDUjgkuW6bPxScBBOgfibI%2F3oFCUXSmj5CBTGRD5FrCikljrY0JmP2tbxvJfno18YZnlrSZr8PDPdBCvs8uWtdeJxHcKH4rYUhc5SxvGs%2FQ7pbwbHSh%2FX5BFJKMjiN3fSJO7jbxAC%2FhHJnJbE9pD225SET%2FmTh%2Bwr3iKnDGr9FRirlNhhkXHLHC8NP3BBDRhdUOlhY1NIwonJXuJoE2B72AbCY81f975eS5nfR25FBiP83WAv8GAIoQ0MwLPWeb%2FQu1vRMFGDmgAaqhNVUhmoMhIW%2Fufm4Ai1g%2Bbn5o8FWg5HUJqI12Vlp80UoFc6QYeDiePjCyvORURlHLcLCzL7egIX25kXOk%2FUPdTKqFSCOqDgcKWP7TrEwfWP0fV1BFe2dFqn9EtHPPkp8WxjFFMRQEiaNfJtI8%2BWxAc1EGc8qsV5wvSck0MfgYLl2aZJDmmnGnKpCKFmI7IK4k5CkLBDgNauEcRynSn%2F8orOK7nc907riyzELEu6mImnunD8uhYWjZRim93XMzFirt7Lk3w4LLVWGr8fvvH1mWvUgXPK6j&nvMid=29030431586&catId=50000248
Apple 아이폰 13 프로 256GB [LG U+],"761,800원",https://cr.shopping.naver.com/adcr.nhn?x=D03Txw8OfXVu6s%2FqnvlI2v%2F%2F%2Fw%3D%3DsRhdV5peVkNe6ArFlGwkvId0XqIuRjYHucEOMUdsO7xqGgjNtjvRyY8TaEm3AQ5UwwGqaQRnmebObxHVtryxeefm1tmIZrvrIl59ZyqyInPCeKKGbAYijP5JhopsyRKSI4ul60LTGRMTnsReHvjnuWd9%2BKy%2Fm0d%2BgYWHtEf61Jo5CNclKwvLyA%2Fys%2F%2FHPPajL%2FchmJsHbf2PpzOdNGLpJCWNmcbgLr0lu2cCLGgyX7c9vsepmwRk8o%2FCB4DgHhnjVub7XHIApq2A6dVr05w2RdVg7gCbqmWxpcdI7rnSPXIU%2Fa18qhDQ1A%2FKJp3fgBDor391W%2FC1w5SVs2sYtTdFSer6vT8ze8eEhhdkVHmHx2l1qLzcRVswO%2FNXTrA15l4GNYd6P7bKnf6IN9iERvhRLC8G68m6sa%2BveW%2BZsaubJ0KOcPfwzF9ktWcxdrcTtO8KUh7eRXhvx%2B18MP%2FzLgC0qJXTg%2FsEJVpHzqP6kybO7iXkHyKwMIinsXLRIwPAEQA4X2UjohpK7sZyY83SOIj%2FwoPTgi4x5roOQg%2BCJZomOnHVPwCXFJiRdosf3os3K%2FWn1uRqfIuy83d6TxolrRKBCLwJKmD7RQAPLBFPcCchQJNDNjqh%2FZemCCOboDhnweAmG&nvMid=29030415586&catId=50000248
Apple 아이폰 13 미니 512GB [LG U+],"417,800원",https://cr.shopping.naver.com/adcr.nhn?x=x7y%2BPZlPDYVspl88a7PxsP%2F%2F%2Fw%3D%3DsiFbiIG6krN%2F3lqmVU7A5G%2FsjaL5oJSTLexT2TiprBcrrlQPyQuHoHFsppYbPEdHayz%2FiKVS89vICUIOBdnFZFiImkULN5gV2F2SOEDVdHnY%2F3oFCUXSmj5CBTGRD5FrCikljrY0JmP2tbxvJfno18YZnlrSZr8PDPdBCvs8uWtdeJxHcKH4rYUhc5SxvGs%2FQhTHk89mV3o2ojkdwJOWr0CJO7jbxAC%2FhHJnJbE9pD225SET%2FmTh%2Bwr3iKnDGr9FRirlNhhkXHLHC8NP3BBDRhdUOlhY1NIwonJXuJoE2B72AbCY81f975eS5nfR25FBiP83WAv8GAIoQ0MwLPWeb%2FSk9FwXY77OFswvzu63OBV0hIW%2Fufm4Ai1g%2Bbn5o8FWg5HUJqI12Vlp80UoFc6QYePIolEnKzoJlkkPZ6YeUr16gIX25kXOk%2FUPdTKqFSCOqDgcKWP7TrEwfWP0fV1BFey%2Bgusqz4LfhruBMVu%2BMWacEiaNfJtI8%2BWxAc1EGc8qsV5wvSck0MfgYLl2aZJDmmvoi%2FpQxsA7J4hBISNUpZ6jesXRSG9V%2FghLcRXrPa6hPKi%2FR6soN%2B4iJQvfLnJ2w417wiSGwLKqWoUIxQV5q3tdXc50eBITwugSNPH3Ok09sVpGw61BSdoQRvEGgfFlc5w%3D%3D&nvMid=29030419586&catId=50000248
Apple 아이폰 13 128GB [LG U+],"389,000원",https://cr.shopping.naver.com/adcr.nhn?x=aNutKBYgiOP1e15budVWDf%2F%2F%2Fw%3D%3DsIG6luIqZk3PbAEGxboHaPZbBGmAFwLkfPXwtduFGgnFN4NgkrPIjlczCBjhk2dSMJegJJY%2F4IG%2FjJH0wiOm77CV0a5Qe6VzRxqfJIYQqqvrrxtUX176OUeAZX%2Fs1qXPCP1%2BfQDTuj4UW9I50VChfCMv%2BjB2erv%2BZ%2Brrs5VHOiTQgGE7%2BZatKjf5hEf1XctkKGll8RgYOXbcr8LPyXLkSgZbkCnZt3PKDnGtnPfTpWXV9gLRMuJH34gK%2BdKxxm2wLrdrlX39xjEaCY2YRgdfOdVYRd5fBJq5s%2B7SpRrFB889r6kdrp7BvT8OlwZ7P37YyZp%2FuhVWf5tMOyu5R2EADu5wNoX9BWAceGMUTQwiIRIc6JIeyjRJJG8AQSjlBThBK%2Fkpsg5AguUQPduruz0ll4dDHJ4apF2nF3bp4PRaZAdkiNvEAyH7XT6ObGe95mRdUsw%2FEBFoDxdMAZ4HSpGP%2F1sIEbG6tsCQiDYFvBvlDNV1cZ8pgTGru4bgUYhRhw82xso069f%2BdX4gQRYEBtAOJXp9TqorV0zcuoPE0rCQ29ueP9ozmdV%2FWs5eTR9VTjChb21HUUFg37qfLkv5J%2F0JuaG9TZjqEQTAbFzUBl8432wvhVEAf6wwM5tqtSh0bB5Hx&nvMid=29030372586&catId=50000248
Apple 아이폰 13 프로 맥스 256GB [LG U+],"959,600원",https://cr.shopping.naver.com/adcr.nhn?x=e93kxUR%2FyqGanRfNljt%2BQv%2F%2F%2Fw%3D%3Dsp16hkJI78Qmw06YoM5lOukF5HjqUyomvJUqKuDaMxcCGgjNtjvRyY8TaEm3AQ5UwsiYw0ZSwZNc5PpTegTDbJvm1tmIZrvrIl59ZyqyInPCeKKGbAYijP5JhopsyRKSI4ul60LTGRMTnsReHvjnuWd9%2BKy%2Fm0d%2BgYWHtEf61Jo5CNclKwvLyA%2Fys%2F%2FHPPajLk0DN2OTLGYPWI9hUoo%2FGH2NmcbgLr0lu2cCLGgyX7c9vsepmwRk8o%2FCB4DgHhnjVub7XHIApq2A6dVr05w2RdVg7gCbqmWxpcdI7rnSPXIU%2Fa18qhDQ1A%2FKJp3fgBDor391W%2FC1w5SVs2sYtTdFSes0bMpW6tK3x4YCez4K2arpqLzcRVswO%2FNXTrA15l4GNYd6P7bKnf6IN9iERvhRLC9RHNHYziR3KtB2YBzSKKm2cPfwzF9ktWcxdrcTtO8KUh7eRXhvx%2B18MP%2FzLgC0qJVOBpL3kKBeNwNuOk45o3IUOrBnzQn1xhNb5a3I1hN2%2FuwP9L0j7YvHB2OKNn2rLcBvIqjm%2FVXzb2GiWUTRe2WW6ImdBsd3szx9b1kmxElXxv4YGjJCSIW1IvBxXT1wG98pTEpNLxY4Iwo3QOdOfZspjtEEnHZo%2B%2FVuCJHvsmHjrDVCYCaeglF2rgr1u2OQIzQ%3D%3D&nvMid=29030190586&catId=50000248
Apple 아이폰 13 256GB [LG U+],"502,000원",https://cr.shopping.naver.com/adcr.nhn?x=plWGIGjSspJvU5scXgEHMv%2F%2F%2Fw%3D%3DstIU7ReqJQhJdxRX2CWOkGV1G7N%2FFz9Fe16Q5WmgWdE9N4NgkrPIjlczCBjhk2dSMtNXoTgXC5pTTtDP3RNOo3CV0a5Qe6VzRxqfJIYQqqvrrxtUX176OUeAZX%2Fs1qXPCP1%2BfQDTuj4UW9I50VChfCMv%2BjB2erv%2BZ%2Brrs5VHOiTQgGE7%2BZatKjf5hEf1XctkKB2Pn%2FiPkS7HynqGLAPVU4pbkCnZt3PKDnGtnPfTpWXV9gLRMuJH34gK%2BdKxxm2wLrdrlX39xjEaCY2YRgdfOdVYRd5fBJq5s%2B7SpRrFB889r6kdrp7BvT8OlwZ7P37YyZp%2FuhVWf5tMOyu5R2EADu0SPLqzz2pJZUSARq7pRgUU6JIeyjRJJG8AQSjlBThBK%2Fkpsg5AguUQPduruz0ll4Sovqt%2Fxp8GHPiARZ00A7PMiNvEAyH7XT6ObGe95mRdUsw%2FEBFoDxdMAZ4HSpGP%2F1sq7yU0cxS%2FkU7vQEWJm8b5cZ8pgTGru4bgUYhRhw82xrpubzBVnRhg%2FWClYySOLLw4KoCNwKvtuHKRY3Yt0OauP9ozmdV%2FWs5eTR9VTjChbBiPyjcw2z%2FlrE46bdKYsIm9TZjqEQTAbFzUBl8432wvhVEAf6wwM5tqtSh0bB5Hx&nvMid=29030189588&catId=50000248
Apple 아이폰 13 프로 512GB [LG U+],"1,097,400원",https://cr.shopping.naver.com/adcr.nhn?x=8BjAhcMqOc6DDX5jkuRXKP%2F%2F%2Fw%3D%3Dsip2OD0B67sTm6FRTMQSKB8gHVSN6BX05zAcuETeYbRuGgjNtjvRyY8TaEm3AQ5Uw1LzKZBY20Xu9XGkxDOKyW%2Fm1tmIZrvrIl59ZyqyInPCeKKGbAYijP5JhopsyRKSI4ul60LTGRMTnsReHvjnuWd9%2BKy%2Fm0d%2BgYWHtEf61Jo5CNclKwvLyA%2Fys%2F%2FHPPajLLgSLggC%2FxgaGmXMXHZ51oGNmcbgLr0lu2cCLGgyX7c9vsepmwRk8o%2FCB4DgHhnjVub7XHIApq2A6dVr05w2RdVg7gCbqmWxpcdI7rnSPXIU%2Fa18qhDQ1A%2FKJp3fgBDor391W%2FC1w5SVs2sYtTdFSerVJI4xoA2nv9ZmecQ8L4xxqLzcRVswO%2FNXTrA15l4GNYd6P7bKnf6IN9iERvhRLC%2FuhFwCdihCnxgqswq4cXUycPfwzF9ktWcxdrcTtO8KUh7eRXhvx%2B18MP%2FzLgC0qJeB1cSmYxtfRhC%2F4HS0b6yIHyKwMIinsXLRIwPAEQA4X2UjohpK7sZyY83SOIj%2FwoIlFMTdk%2Fg26G88F5wVEpWTvW2q1ZBpuV%2F%2FvtKUgTGHncrgqznHMlepOsBrcyCOp4nM99aWkKp5oE4evB9%2FK%2Bz%2FHICEQpPL7Rm%2B2fyhjEhHR&nvMid=29030295586&catId=50000248
Apple 아이폰 13 프로 맥스 128GB [LG U+],"818,100원",https://cr.shopping.naver.com/adcr.nhn?x=j1CdZZX2Idakjr%2BsdZOakf%2F%2F%2Fw%3D%3Dsy3IF9Uq3Ibf4nD%2F1CeOhsw1qmYSnMO2uQPH9%2Bx9L11NN4NgkrPIjlczCBjhk2dSMgXjSI43n1wMNfQy0JLRpwCV0a5Qe6VzRxqfJIYQqqvrrxtUX176OUeAZX%2Fs1qXPCP1%2BfQDTuj4UW9I50VChfCMv%2BjB2erv%2BZ%2Brrs5VHOiTQgGE7%2BZatKjf5hEf1XctkKOk8u93tF6OAhEv8QijrI6ZbkCnZt3PKDnGtnPfTpWXV9gLRMuJH34gK%2BdKxxm2wLrdrlX39xjEaCY2YRgdfOdVYRd5fBJq5s%2B7SpRrFB889r6kdrp7BvT8OlwZ7P37YyZp%2FuhVWf5tMOyu5R2EADu7Ug78EAXGyQ6OYwzq%2F82k86JIeyjRJJG8AQSjlBThBK%2Fkpsg5AguUQPduruz0ll4WUpLKxX6NIrMbDYkah2%2BB4iNvEAyH7XT6ObGe95mRdUsw%2FEBFoDxdMAZ4HSpGP%2F1mbbRE4sNae2UQATiGzSdWo%2BYS%2F%2BLHYOR26DZYLoloGYQbJE2qH6sAOiEA%2FCWTmW%2B9Wv9LNSmXjE9enjfCW3QMcma6IIw1qR29TFzXvYiNeqc%2BdmQQWLD3iaW1JQsekSljeEMAT0YUujphoQjlWuI%2FVWhZ3SMHTcLlpircdRzUgq1JIslBmdxaTx7xO1%2BPPoWw%3D%3D&nvMid=29030352586&catId=50000248
Apple 아이폰 13 프로 맥스 512GB [LG U+],"1,321,000원",https://cr.shopping.naver.com/adcr.nhn?x=XSBsxn%2FLZcyyAOr9LB3%2FzP%2F%2F%2Fw%3D%3DsSyOEvDkyPPzLXEyrM2YOnHpLUEzh6S0CaoBb2MQTAmuGgjNtjvRyY8TaEm3AQ5Uwi1ot66d0Wc%2BXrPFGwA0Zi%2Fm1tmIZrvrIl59ZyqyInPCeKKGbAYijP5JhopsyRKSI4ul60LTGRMTnsReHvjnuWd9%2BKy%2Fm0d%2BgYWHtEf61Jo5CNclKwvLyA%2Fys%2F%2FHPPajLpCX%2FcfcvGkZ1AroVE1C4VWNmcbgLr0lu2cCLGgyX7c9vsepmwRk8o%2FCB4DgHhnjVub7XHIApq2A6dVr05w2RdVg7gCbqmWxpcdI7rnSPXIU%2Fa18qhDQ1A%2FKJp3fgBDor391W%2FC1w5SVs2sYtTdFSevraNnin5TwIaSUHABSZMDlqLzcRVswO%2FNXTrA15l4GNYd6P7bKnf6IN9iERvhRLC4OQLoEpvTfdM5fNMBChqQicPfwzF9ktWcxdrcTtO8KUh7eRXhvx%2B18MP%2FzLgC0qJVOBpL3kKBeNwNuOk45o3IVSFvmOnbZDuSNlZXHFOiPVuwP9L0j7YvHB2OKNn2rLcCRA%2F2kS0UrO%2B7gv%2Fd1IeREeZi81eg%2F7dABzLCiu%2Bwfj%2BgtF15PMkmjkNDmi88yMRbNGfv7GnMcDER1mn2lBkxL0UbNk5di1V8jUMbmtHii%2FBq7h9PA5SrIXrcWPClBGWw%3D%3D&nvMid=29030181590&catId=50000248
Apple 아이폰 13 512GB [LG U+],"839,000원",https://cr.shopping.naver.com/adcr.nhn?x=D5BXDAXOtHdG955mK1iX8P%2F%2F%2Fw%3D%3Ds3fjjRjzRVi%2F0XVafa0uZeBeddPDX%2BffhqEiSGmmvRp%2BGgjNtjvRyY8TaEm3AQ5UwrSRnXNgFg1H9fyXjsEBn5Pm1tmIZrvrIl59ZyqyInPCeKKGbAYijP5JhopsyRKSI4ul60LTGRMTnsReHvjnuWd9%2BKy%2Fm0d%2BgYWHtEf61Jo5CNclKwvLyA%2Fys%2F%2FHPPajLFE9QF%2F1S7E7CtXP8syJEuWNmcbgLr0lu2cCLGgyX7c9vsepmwRk8o%2FCB4DgHhnjVub7XHIApq2A6dVr05w2RdVg7gCbqmWxpcdI7rnSPXIU%2Fa18qhDQ1A%2FKJp3fgBDor391W%2FC1w5SVs2sYtTdFSeinsVJt0d4z%2B4e3asDZn46pqLzcRVswO%2FNXTrA15l4GNYd6P7bKnf6IN9iERvhRLC3D0qHpUPKMcwXSYqEKHnkGcPfwzF9ktWcxdrcTtO8KUh7eRXhvx%2B18MP%2FzLgC0qJYKpK5q5lwzsGrJbf8eT9IWjriJ8H0NV5nx9%2BVr0aUV2NIv1IwFyXR6V8o8R9aDdvSXBX572N%2FuxxJFD9vbxrUGOv%2B%2BG7P8zZs54SDuTec41%2BpDx5svEf3Zhr8Sw%2FUrimNrltJjRPWzSUxRFI6VZ0MdB0CIl3BeKsFF2drF%2B%2BsFv&nvMid=29030296586&catId=50000248
Apple 아이폰 13 프로 맥스 1TB [LG U+],"1,580,200원",https://cr.shopping.naver.com/adcr.nhn?x=APNcUg9tkwNlvCTVqzgGI%2F%2F%2F%2Fw%3D%3DszNc5QdQY0oQF0scvxZ%2BdSVnTykhQN4uK31X%2FjZ%2B%2BFf%2FrlQPyQuHoHFsppYbPEdHaIPUuqy3xKBmq4jr26RJk5GNxAcG9pd5c0Fbbw6Ecl%2BU%2F3oFCUXSmj5CBTGRD5FrCikljrY0JmP2tbxvJfno18YZnlrSZr8PDPdBCvs8uWtdeJxHcKH4rYUhc5SxvGs%2FQmIz7mGM5N0RdINhatgLaWSJO7jbxAC%2FhHJnJbE9pD225SET%2FmTh%2Bwr3iKnDGr9FRirlNhhkXHLHC8NP3BBDRhdUOlhY1NIwonJXuJoE2B72AbCY81f975eS5nfR25FBiP83WAv8GAIoQ0MwLPWeb%2FbXTANzek08cGYmb%2F0jJO5UhIW%2Fufm4Ai1g%2Bbn5o8FWg5HUJqI12Vlp80UoFc6QYeB3%2BNIRKTe3iad3gn68z1tugIX25kXOk%2FUPdTKqFSCOqDgcKWP7TrEwfWP0fV1BFewstxKXYfuaTY89uFKbdXCB8knbai84Xn18Js0Ygo9Vy8jR8gVF8FlQ9pItE8Zzc8quCQ1Le9fgHZQr5Xt9s%2FN3bDV%2BGey%2FQXEudjBviaxv4jr%2Fvhuz%2FM2bOeEg7k3nONSJpnlAI9cZ4%2F71D85MjiHhxsiGeHNNP%2FFK%2BqsocGKBcQdAiJdwXirBRdnaxfvrBbw%3D%3D&nvMid=29030181587&catId=50000248
Apple 아이폰 13 프로 1TB [LG U+],"1,426,200원",https://cr.shopping.naver.com/adcr.nhn?x=JBvKh4bsE2%2B6h9uy798cWP%2F%2F%2Fw%3D%3DsqJtnmZO7A0WF%2BJOkzNUAtN2rRxdy7Aq%2FO6DoF%2BlP7e9N4NgkrPIjlczCBjhk2dSM0REd4zTNq4af%2FsNon9syMSV0a5Qe6VzRxqfJIYQqqvrrxtUX176OUeAZX%2Fs1qXPCP1%2BfQDTuj4UW9I50VChfCMv%2BjB2erv%2BZ%2Brrs5VHOiTQgGE7%2BZatKjf5hEf1XctkKmXFie4VecjztgKjvLpljfZbkCnZt3PKDnGtnPfTpWXV9gLRMuJH34gK%2BdKxxm2wLrdrlX39xjEaCY2YRgdfOdVYRd5fBJq5s%2B7SpRrFB889r6kdrp7BvT8OlwZ7P37YyZp%2FuhVWf5tMOyu5R2EADu7W%2FLX1xPhJv11ZP5DM8Bwc6JIeyjRJJG8AQSjlBThBK%2Fkpsg5AguUQPduruz0ll4SFzh%2Bv5Ai1o0IlffLsO5uEiNvEAyH7XT6ObGe95mRdUsw%2FEBFoDxdMAZ4HSpGP%2F1uUFS0XO1RwVRXhhHa%2BUvYahzDfp6Y5Zq42WobtISlGzcGB6OHGWWLxdp7xTQ1zT9joyX1qzKIpjDd2zWzHnuORicchwRNwmJ84TyxvjggzFaPCKPpI6D1i1SxBHNfu4OpMQrbU0gaRhebLMn12n5poOEsHC78VBLnFZh%2FnDobeN&nvMid=29030294586&catId=50000248
Apple 아이폰 13 mini 자급제 128GB 핑크,"893,000원",https://cr.shopping.naver.com/adcr.nhn?x=Hly227myWYcEePjPlwO6RP%2F%2F%2Fw%3D%3DsjyEXXTJlpR%2BvffEMpu38lS2Dsxu14tdPxXuL1nGpA9CGgjNtjvRyY8TaEm3AQ5Uw5bBh0%2BJVCxSifABnkk%2Bzq%2Fm1tmIZrvrIl59ZyqyInPCeKKGbAYijP5JhopsyRKSI4ul60LTGRMTnsReHvjnuWRzWbUP4hsfkDiMh%2FeiprrdhOluJ1tWQQiXRTgst1zfMd6bHlna6LOLB6PkUuNvGbtAqztUQI4IfpGJdYkToiMQWOvSiBwVRD2guA%2BMlOMtPYVGQwaOYICZEUDdP3Z1ZGnBK5dcsQG%2FrP7erSV%2Br0m%2FSMPmKcVD4Ncq0F3cz9oG61Q6WFjU0jCicle4mgTYHvYBsJjzV%2F3vl5Lmd9HbkUGI%2FzdYC%2FwYAihDQzAs9Z5v9RSNXYdy85gTztaO8G4%2F9lz2M3mI0cjzy%2FkCMStsf8pC9fzZjkiWz1wt4EO7UvJkHtBfhQpveetBJ22Ab5F%2BzfUtB7vhOx0nxSI7ZizhQJ8uN4%2FbarDGulZ7nI%2BlTukuYR6LHkW4HERjxr6Asf%2BUX4UggRZVZxJOkOmvSRE%2FjyJClkX647Zdjjw9%2Br5Mcvp%2BauEgoZmL0RE5aZ98WbkwHFjdkpgxbh9xCPbS%2FXHOdjs5NdNFaXyvSNuSlP1AmYk6ZYhYz37rixlH0qjaUa9RyGmS%2FBl5T%2B7ZFO5CVVgNUUsIGruH08DlKshetxY8KUEZb&nvMid=29619937553&catId=50001519
APLLE 아이폰13 미니 128GB 미개통 미개봉 새상품,"725,690원",https://cr.shopping.naver.com/adcr.nhn?x=Z%2FIdJMC%2FPrehmHKEiDYdHf%2F%2F%2Fw%3D%3DsyNa%2FRo%2Fv0nW5gzTDlSaWFoZLvhj1cOAeAYC3UumnSn%2BGgjNtjvRyY8TaEm3AQ5UwslYYNC2Is5GcoeTJq4zQbvm1tmIZrvrIl59ZyqyInPCeKKGbAYijP5JhopsyRKSIIsh%2FJjTqE1OoOCmQYDNTx1DHuPCXPk7z4O3%2Bw2Pgn9helejFdkqFTSchcszRHkryP6zAhKAWbSZw6TKPmAlRRqCvU%2BCpGirmEUI81qFLmqI%2BGWdrxE2AW8HZ7vvDcuI2WDuAJuqZbGlx0juudI9chT9rXyqENDUD8omnd%2BAEOivf3Vb8LXDlJWzaxi1N0VJ6BwKLuSkRpJbIMzjKVq42C12tT2AG9M5jxdXEaCkbHF0xYFp37rSBc68UJDTFWoWi94RwXjHaF%2BN7xGuHjB8tZYLTMvLed%2F4hK0RrW%2FSgkAQ7xbbH7oY5TjiGNj4vbVukznQOCQmQQl29et65ZxXkRp1f97U2jd6OPtEX73hNNJzm3eyD8FXR%2FU4cyJZmmw%2F318iA6nwwZgR6FG81igzCRPAxJTScmZEAMx2kXg0mKf%2FZlVYLDEJpnI8cF6CMPSIWIoC9evpgdtmS%2FvCkoM0THHyjVbV%2BLxZvyjrmUIpJmkUOEsHC78VBLnFZh%2FnDobeN&nvMid=29003990842&catId=50001519
Apple 아이폰 13 자급제 핑크 256GB,"1,152,470원",https://cr.shopping.naver.com/adcr.nhn?x=BXOv86zkEKhQWP9cwcE9gf%2F%2F%2Fw%3D%3DsnSTZVQn1l3Fiqh49LjJzQ7nGbJSbn3OVJGgpPM5ybwACYpaXrkpTZ0FTnmqeb1eBnvnLMl64LGeCV%2F9ci2JP6Qc82Wm221OgyVjOWYcPFlW049pb6XmyJCAi3TBPnUom69MW33FIB%2BcPnOQ1Kav2LTMykBI%2Fzq%2B6BKlA%2BLtsshKvWNb7mFsitkT8U8q49Aj3yy9EmnkaU%2FcBSunsMoyBgz3RMPGp%2BxbIGoLkF8B6P9okGi0A0JD9cW8YIVYRMVLuNAcpoawuk5ovw26ApGQ%2FkqkQ%2FsiySYV5MaE%2Bi3B1clat2uVff3GMRoJjZhGB1851VhF3l8Emrmz7tKlGsUHzz2vqR2unsG9Pw6XBns%2FftjJmn%2B6FVZ%2Fm0w7K7lHYQAO7Yd7Ls1zFq1uCJM8pG6F%2FlIakL8Jkf6pU9I0LjWzj68JG5oNHYusRcUPC9Om1jnCR%2BPZfr7%2Fg4S69PNwknla%2FXkEFtguAX%2BVoC48RQDUQjst6P8JJeMl8kEv5q45S0iqs8XAm4ufA%2BjoUMNi5rrbiuBI%2BJt37eK8aA%2F3Dbn2AXzhvmmWIcuJyyLxLwS1Uto4rrTVTBbXZuF7iDx0ePxbuM8vTtug4vCjEvohqOyQz59n9cl3ZZiuD6LyvO1AovYvTQlJbz%2BiGJupFYVteBJaCW2hopkeKUdu5q4dSKA0zkoA%3D&nvMid=29064755783&catId=50001519
아이폰 Apple 아이폰13 미니 128GB 구매가 24만원,"246,000원",https://cr.shopping.naver.com/adcr.nhn?x=MVd5sVUCQovluHP2CvBJmv%2F%2F%2Fw%3D%3DsVF3KB9lhXyMD2Wyqfu%2B7%2FizZaRRc6HVCisDRArMVLNqGgjNtjvRyY8TaEm3AQ5Uw4nN%2BH%2FRgJtLeD3%2FRDUV4GPm1tmIZrvrIl59ZyqyInPCeKKGbAYijP5JhopsyRKSIYpsT0g14fLsyaI%2BbRRDSrcNHgaylo8oOLD%2BoSlOgwQ0CHQNNLjv%2FUbY4TLZErh4672PHxaevof1oz2NGMfJns%2F4QI95QgJiDue9BWWZB6JI9iJqMo7Swezjnzyl%2BFChp334rL%2BbR36BhYe0R%2FrUmjgBSTS1sRv49oBHxm%2Bxq6Hh0o7ijag%2BRIdwzKI8ZSS7lwrcTicqqqY%2FtGATfWO55NBtX1KiGewk6njQXhFIriI1bQqjDxaRko5chNRokXFjTzfNVo1KcSVSazeZg7M%2BAaVboQPnwU2bAbTQacyPL2i%2B4SQFFVtotOa7WWO1vpH93iSobmRnimKG%2FjDVZuugscWlqP0FknXzAo9IQ6RwnFddXnzS%2FGWnEe2ZuuRALb8xK3PHBC6%2BF37kQs0B9MDgncKvtUBvfoSsQPvEM6ZWUZTq5Ml2n2GfJvxXU7JqBsTN%2FDULQo7O%2Fpuhffb%2FoCB8uDwN%2BQsjK6V0FLd%2Fybx7qcubNSE3OzZUT76KyqzckASmm&nvMid=29860284145&catId=50001519
Apple 아이폰 13 자급제 블루 128GB,"1,024,600원",https://cr.shopping.naver.com/adcr.nhn?x=CNaGKfDHCEFdhSj5gyabkP%2F%2F%2Fw%3D%3DscEirBJmIcUc8AtbPlRv2e1K%2Bpg23xili63un%2BUQlGmTrlQPyQuHoHFsppYbPEdHaBWGvwouXSVzIdKjuiFBme2w5OfGx8ys5zQhIFdoxuxs%2F3oFCUXSmj5CBTGRD5FrCikljrY0JmP2tbxvJfno18ePYFsKOGABFhj5ZzjFkFAeKjyp0s01e9YG50wI1msUPhccDuMc5z4LdpGHOH3GIHdIDBq4gCOsgiyL%2Bz4pMOAiS3jWrfTcatAj4ljefjgOoh%2B7GH331B8sMmVRYXMo8gmHcMwMPueH5ImIC08oHwCOg%2FBIMIeZCLhQgmQqOJoKx%2BOTSylY9E2B4Uygm7OLQ1cOmY27ZGze0Q%2BtXRlM4OxtarJoVrbEtunAYIkKGowOqSmFeGxQNNFCdTumOB5Iz7B9M3bcTuNvDfQzk4%2FzV4MIMbh6%2FL4zXePrhRg6eFPIZXOkoiM7dVLqSPb68aSPQ9HornTeMFMWI76yU7BvGjg6beybS%2FJS7KxefviT1VQ9NklQfeGzfkb6SzbSTnuqGgKsZHXzNaBStyYzSlZRdE%2FJ1Mx8FEceX4AKLQwemv4gfm6rwmAKgKiAybUGvwL01g9ifq1Q41OlXDGUTnWZksrl72TtaoNecG8SUva2S2BuAXhgyQ9mBFuhDl4rdef%2F63a%2BC2w4h2rywW1y3MfMmkwdB0CIl3BeKsFF2drF%2B%2BsFv&nvMid=29619782067&catId=50001519
Apple 아이폰 13 mini 자급제 256GB 핑크,"1,024,600원",https://cr.shopping.naver.com/adcr.nhn?x=IwLZ3Tx7OrPDjrvCo9IWpv%2F%2F%2Fw%3D%3DsHskGXWk67LjNN7bPHIrUmQyGF2LmLNQcX91dlyLv4fuGgjNtjvRyY8TaEm3AQ5UwZYPIh2IrbokNf4%2Bczkw9d%2Fm1tmIZrvrIl59ZyqyInPCeKKGbAYijP5JhopsyRKSI4ul60LTGRMTnsReHvjnuWRzWbUP4hsfkDiMh%2FeiprrdhOluJ1tWQQiXRTgst1zfMd6bHlna6LOLB6PkUuNvGbtAqztUQI4IfpGJdYkToiMTPMPyQnnZRzJ2ZsQ6PpF%2Bsnt7vjvee4McACcE4c16Qi3BK5dcsQG%2FrP7erSV%2Br0m%2BryqoYXQD68P%2BbfmGsQdOY1Q6WFjU0jCicle4mgTYHvYBsJjzV%2F3vl5Lmd9HbkUGI%2FzdYC%2FwYAihDQzAs9Z5v9VtGriWbXxCMrW0u2wcfIsz2M3mI0cjzy%2FkCMStsf8pC9fzZjkiWz1wt4EO7UvJkH33IqWNOloJNcf4rh7pzdYktB7vhOx0nxSI7ZizhQJ8uN4%2FbarDGulZ7nI%2BlTukuYR6LHkW4HERjxr6Asf%2BUX4YZT%2FdRYwapfnesHvLSQXIylkX647Zdjjw9%2Br5Mcvp%2BaltGXiS5gTdijjIB2RXnI5OHpkA%2F9xOEJlhMTaJMMnl3IMPbwIHpFwr8GlwDYslGRURnKY0KzyLb1DLSisrFIXbPxjLxtSQaF4lVuif7kGrgdHI8FZtQVGFZJxOyBDKc%2B&nvMid=29064819083&catId=50001519
Apple 아이폰 13 mini 자급제 256GB 스타라이트,"1,024,600원",https://cr.shopping.naver.com/adcr.nhn?x=XU6UTZtFLmBJ%2FfplSPnbzf%2F%2F%2Fw%3D%3DsUFPvtJP4LHXxbWdjkS%2B8rV1x8O%2F9O0zqnfe%2FdSCU36yGgjNtjvRyY8TaEm3AQ5UwE9Q1i%2BBlm93zSJItOZUpIfm1tmIZrvrIl59ZyqyInPCeKKGbAYijP5JhopsyRKSI4ul60LTGRMTnsReHvjnuWRzWbUP4hsfkDiMh%2FeiprrdhOluJ1tWQQiXRTgst1zfMd6bHlna6LOLB6PkUuNvGbtAqztUQI4IfpGJdYkToiMQWFERY9p5ZD4zQqGvmObD9G9zQhPU8tpabyNc3bWdu4nBK5dcsQG%2FrP7erSV%2Br0m%2F5zi7w8RGgMzv35e6p6KyK1Q6WFjU0jCicle4mgTYHvYBsJjzV%2F3vl5Lmd9HbkUGI%2FzdYC%2FwYAihDQzAs9Z5v9%2FKdd%2BQ4vKKsUdezN7CkBaz2M3mI0cjzy%2FkCMStsf8pC9fzZjkiWz1wt4EO7UvJkHTs5g0dljgRZ2nfcoLc7W60tB7vhOx0nxSI7ZizhQJ8uN4%2FbarDGulZ7nI%2BlTukuYR6LHkW4HERjxr6Asf%2BUX4UAstQWw8%2FXALV7cmSzF7BBXpycH7JYwLLGPXute%2FyKuL3aXMZghk2CNFMEpXJGpCMVhcGOdqT9sI7yWmBNmYJTCkd2CpQ%2FahgJeoF%2FR72TukMCD5JRle%2Fol4gUKtuf3bJeiYre4eAyyPKt3JgVhXwpWhZ3SMHTcLlpircdRzUgq1JIslBmdxaTx7xO1%2BPPoWw%3D%3D&nvMid=29056389772&catId=50001519
Apple 아이폰 13 Pro 자급제 512GB 시에라 블루,"1,636,800원",https://cr.shopping.naver.com/adcr.nhn?x=GR18mTGbW51hKsTru6gwkf%2F%2F%2Fw%3D%3Ds3P2wXl%2BFSqLeOMSQcXT3OUQH05y%2B5d6WWUAp38WdkqKGgjNtjvRyY8TaEm3AQ5UwWZLg0mfviYfTOe5%2BR2q2Nfm1tmIZrvrIl59ZyqyInPCeKKGbAYijP5JhopsyRKSI4ul60LTGRMTnsReHvjnuWRzWbUP4hsfkDiMh%2FeiprrdhOluJ1tWQQiXRTgst1zfMd6bHlna6LOLB6PkUuNvGbiXxxo7lc7fZuGDcxIIfYzTiT97sBNhg0%2FPBm6X7I5sJiMOWZnLeUyqO6%2ByYyOi5OHBK5dcsQG%2FrP7erSV%2Br0m%2Ba4q%2Bgc%2BOLzooBp1Uh1d3R1Q6WFjU0jCicle4mgTYHvYBsJjzV%2F3vl5Lmd9HbkUGI%2FzdYC%2FwYAihDQzAs9Z5v9TlnlaVzOwJlV3VXg5wzyRD2M3mI0cjzy%2FkCMStsf8pC9fzZjkiWz1wt4EO7UvJkHEbyZ1WbrLcH0H8c9xXBOtUtB7vhOx0nxSI7ZizhQJ8uN4%2FbarDGulZ7nI%2BlTukuYl3HCXbr4IIkPruudTM2ajReVIwNVwnvZkiVlL0onSTR7Fkw%2BmNSNUerygMY8Lpn4L3aXMZghk2CNFMEpXJGpCBFnEWQKb27g4IvaIRYuLfTCkd2CpQ%2FahgJeoF%2FR72Tu76iz4P6Y2jLvCpQz8drm%2FZIuHEhtkmzM2PxSX8QMORJXc50eBITwugSNPH3Ok09sVpGw61BSdoQRvEGgfFlc5w%3D%3D&nvMid=29060734140&catId=50001519
애플 아이폰 13 128GB 자급제 미개봉 새상품,"814,110원",https://cr.shopping.naver.com/adcr.nhn?x=Y%2Blhj0G0AnET12eA%2FgdRv%2F%2F%2F%2Fw%3D%3Ds8I7WO8T4W0xNQB0MovoX3G06%2B1%2Fhmygfb7u8zRQsLZuGgjNtjvRyY8TaEm3AQ5Uwj2Z4AnDqRCrmpCMj7y7TmPm1tmIZrvrIl59ZyqyInPCeKKGbAYijP5JhopsyRKSI4ul60LTGRMTnsReHvjnuWUuRuCra0V6kWdISE25kd8HMqwzaM7euXfY01oxaZ5Dp7BuG%2FXd48zui0v9il7dxq7X0cOP4Ds2AoQu0MS8u0%2BxvPYlSx44imyQnAqtZHRzEypPajD6yKnwusQqEpnlTc5S1yd62COp7ZloUf5Z0DGS%2BRSsulxzuZh91kr9PDkB2C6uk2OFgoEZSv6taJti2xDPDpGIrabitp2up06DaRfi54J8UO7LDGXdPU9Do8oyMXmq0wb8nQ9S1CNyVqQgAyOqUbcS3JboY2rAnfrIEljIY%2F%2B40cBRr16OUwRuYtZUTvX82Y5Ils9cLeBDu1LyZB1JmKHEnnoptCh7vTTfiAscUIkt5M0yIil13vZMydQVHa6Vks%2B2VmMH7X%2BXhca4pjc3V%2F0cZsbRNpuCHX2ldJPmr3R5TMghAZ42tZVcGCTYSxPgs2GTV%2FdgHpoUwcZlrNmx4VOryxjyO%2BRT28oAX4HGM7ci%2F6TJkHWNgYaVgm48KfAl5dudTqZlos35c9ihFnNfpGWBkUxKOy89XCkyxvU9Ptcd2CXyokOXVIAy0MiCUzY6of2Xpggjm6A4Z8HgJhg%3D%3D&nvMid=30313453084&catId=50001519
Apple 아이폰 13 자급제 미드나이트 128GB,"1,024,600원",https://cr.shopping.naver.com/adcr.nhn?x=nYIxq4sLIUbMYd7WFQQpuv%2F%2F%2Fw%3D%3DsLd6V67VWQxj4gXMsvugjLga9VM0lWRCt5rqYCUVwLL%2BGgjNtjvRyY8TaEm3AQ5UwR%2FZOJyKRLBD0O0M2ra0MrPm1tmIZrvrIl59ZyqyInPCeKKGbAYijP5JhopsyRKSI4ul60LTGRMTnsReHvjnuWRzWbUP4hsfkDiMh%2FeiprrdhOluJ1tWQQiXRTgst1zfMd6bHlna6LOLB6PkUuNvGbpg0UD48iKpIXMX5pX6p3lYNoppxcHMZa5kaSWNNyz4jpsryTuhkXp4FzOGd426oVEK%2F%2BA%2B3jxjgZV5q4hnA6xcYRxzGWB0QlJBOEXABk2h61Q6WFjU0jCicle4mgTYHvYBsJjzV%2F3vl5Lmd9HbkUGI%2FzdYC%2FwYAihDQzAs9Z5v9PJY14spj6ohq1ZEaraxeWj2M3mI0cjzy%2FkCMStsf8pC9fzZjkiWz1wt4EO7UvJkHxwE%2BPTQHemT4wYDQyIUmeEtB7vhOx0nxSI7ZizhQJ8uN4%2FbarDGulZ7nI%2BlTukuYLOyH6g5nytuvmGwPgKtVIypOWS1xQaZbzWBJKhk%2B5VHkQ499MlcHJvZn%2B%2B%2Bffo8H9wo%2FG60sjolL82ZEB9yyXxRO8%2BNnIxcLRfIDiaQSL5%2BPBimPDZwOttZjcrwUclZ9emjYcFJKhqISm1u6T5bG9PguXvco6WXkkX6Whh%2BlHvTLVWGr8fvvH1mWvUgXPK6j&nvMid=29056433547&catId=50001519
[하우디]아이폰 13 mini 자급제 128GB 핑크 (MLK23KH/A),"870,000원",https://cr.shopping.naver.com/adcr.nhn?x=ZsuDvkhtvFnFI0gXgNPmJ%2F%2F%2F%2Fw%3D%3DsQAdMs34vFuZWOOcGFlaZglrlnEpFsB4KAskC%2FwO5qnbrlQPyQuHoHFsppYbPEdHabV3%2Fg9kz5a6uYI6LSOpayGNxAcG9pd5c0Fbbw6Ecl%2BU%2F3oFCUXSmj5CBTGRD5FrCthIz7pfK%2B1PGPffhybHGgltkimzIkeYH30lQc74xa4rHldO2tJxtiPUosJW%2Fk7HPrs636JK%2Bd0cYsUFa2X9q9W8uDRgOTC40pMSAThpkfXTnO3uDeFDvXiZXToPSrz7Pz4k9FP3H5xTqkUfSX10gFFtwczWEmOg1uVHyIjpvGA5S0CE73DW2QLFxhju4W0SkSACfyUPb7GuBuWsGpjA91YrHsbeStsmJBfOvK7DA6onOJQZ9L0L3zGPvYEpUYuZGsDSScyGAsMArF9mU%2B27xDl2tT2AG9M5jxdXEaCkbHF2NqKNisICmOO5c%2BZuU%2BDrpKSDbEPIlzmgDZW3gCI9n%2FFYDU2LGJt5oE1Pp%2FE%2BAheHsdDR3a8wOViAK90CCLABmEThPG%2FlJY%2BwkCYKJNbNRET8I5UeWiSnorVfPJ621zNDgdCtxCou93xR9mBPhCjt5W7hPb3WpAWu5QXcgUvQ7Sb6tfyhIkrBmdE4dFSoa42XCkd2CpQ%2FahgJeoF%2FR72Tuw6HfKfSENwJXNQG1a2hfRQlmSGq5sGy5GMXo6JOS3NZXc50eBITwugSNPH3Ok09sVpGw61BSdoQRvEGgfFlc5w%3D%3D&nvMid=30629133673&catId=50001519
Apple 아이폰 13 자급제 레드 512GB,"1,440,450원",https://cr.shopping.naver.com/adcr.nhn?x=LO4OXKivArHdwi%2FyQXoRzf%2F%2F%2Fw%3D%3DsGEzuAVyiRaCfDaG15tAyBAQaGc%2FHQ5zimSVUPZRnnG6GgjNtjvRyY8TaEm3AQ5UwgwfE%2FCvOzeu%2FXZZbNHjjXvm1tmIZrvrIl59ZyqyInPCeKKGbAYijP5JhopsyRKSI4ul60LTGRMTnsReHvjnuWRzWbUP4hsfkDiMh%2FeiprrdhOluJ1tWQQiXRTgst1zfMd6bHlna6LOLB6PkUuNvGbpg0UD48iKpIXMX5pX6p3lbgzZN%2Fk%2FAwwDVwmcmaX83VYigzKMJ%2F0hL4F39RttZCGUK%2F%2BA%2B3jxjgZV5q4hnA6xfqOHkfupo%2Fvm7pe8CzEV9A1Q6WFjU0jCicle4mgTYHvYBsJjzV%2F3vl5Lmd9HbkUGI%2FzdYC%2FwYAihDQzAs9Z5v9G%2FRJpoYDS9phLGiBVozkTj2M3mI0cjzy%2FkCMStsf8pC9fzZjkiWz1wt4EO7UvJkH3XOphIJ4ERojxhDBEE3JREtB7vhOx0nxSI7ZizhQJ8uN4%2FbarDGulZ7nI%2BlTukuYqU%2BvsDweBFDbmGSVlS1eM0QSDHS0U2vCEoV6%2BDJ3SC0PTwQXW8IQSfKE4NwvCw7qDoPRhjmjzHXEKcpaKi%2FQZeYQsU7TtARBhTKL6TvT1FMEbqFaj33w1q0oyQTikt0fiA52V7KQyXGmTpR4YUwToVaFndIwdNwuWmKtx1HNSCrUkiyUGZ3FpPHvE7X48%2Bhb&nvMid=30625061448&catId=50001519
